{"compressed_naive":{"global":{"gasCosts":{"saving":18463648,"savingPercent":48.34784634309023},"byteSizes":{"saving":1153978,"savingPercent":48.34784634309023}},"dists":{"round_1_finalized":{"gasCosts":{"saving":30288,"savingPercent":3.9773085408131106},"byteSizes":{"saving":1893,"savingPercent":3.9773085408131106}},"round_2_finalized":{"gasCosts":{"saving":311184,"savingPercent":51.786665246565136},"byteSizes":{"saving":19449,"savingPercent":51.786665246565136}},"round_3_finalized":{"gasCosts":{"saving":397136,"savingPercent":53.799635859198894},"byteSizes":{"saving":24821,"savingPercent":53.799635859198894}},"round_4_finalized":{"gasCosts":{"saving":457904,"savingPercent":56.98498665923301},"byteSizes":{"saving":28619,"savingPercent":56.98498665923301}},"round_5_finalized":{"gasCosts":{"saving":492912,"savingPercent":49.51301832208293},"byteSizes":{"saving":30807,"savingPercent":49.51301832208293}},"round_6_finalized":{"gasCosts":{"saving":660960,"savingPercent":55.6049103537393},"byteSizes":{"saving":41310,"savingPercent":55.6049103537393}},"round_7_finalized":{"gasCosts":{"saving":835744,"savingPercent":62.089459983120754},"byteSizes":{"saving":52234,"savingPercent":62.089459983120754}},"round_8_finalized":{"gasCosts":{"saving":933616,"savingPercent":62.130391728866975},"byteSizes":{"saving":58351,"savingPercent":62.130391728866975}},"round_9_finalized":{"gasCosts":{"saving":1262256,"savingPercent":51.352969894222944},"byteSizes":{"saving":78891,"savingPercent":51.352969894222944}},"round_10_finalized":{"gasCosts":{"saving":1775168,"savingPercent":39.26042569755304},"byteSizes":{"saving":110948,"savingPercent":39.26042569755304}},"round_11_finalized":{"gasCosts":{"saving":2894800,"savingPercent":49.428198319291},"byteSizes":{"saving":180925,"savingPercent":49.428198319291}},"round_12_finalized":{"gasCosts":{"saving":3348096,"savingPercent":53.96881890982244},"byteSizes":{"saving":209256,"savingPercent":53.96881890982244}},"round_13_finalized":{"gasCosts":{"saving":5063584,"savingPercent":45.161023334398834},"byteSizes":{"saving":316474,"savingPercent":45.161023334398834}}}},"compressedMasks_naive":{"global":{"gasCosts":{"saving":11278768,"savingPercent":29.533932958609434},"byteSizes":{"saving":704923,"savingPercent":29.533932958609434}},"dists":{"round_1_finalized":{"gasCosts":{"saving":30288,"savingPercent":3.9773085408131106},"byteSizes":{"saving":1893,"savingPercent":3.9773085408131106}},"round_2_finalized":{"gasCosts":{"saving":222160,"savingPercent":36.97145595910107},"byteSizes":{"saving":13885,"savingPercent":36.97145595910107}},"round_3_finalized":{"gasCosts":{"saving":272736,"savingPercent":36.94728628402982},"byteSizes":{"saving":17046,"savingPercent":36.94728628402982}},"round_4_finalized":{"gasCosts":{"saving":301536,"savingPercent":37.52538728047469},"byteSizes":{"saving":18846,"savingPercent":37.52538728047469}},"round_5_finalized":{"gasCosts":{"saving":329312,"savingPercent":33.079395692703315},"byteSizes":{"saving":20582,"savingPercent":33.079395692703315}},"round_6_finalized":{"gasCosts":{"saving":457344,"savingPercent":38.475205944112425},"byteSizes":{"saving":28584,"savingPercent":38.475205944112425}},"round_7_finalized":{"gasCosts":{"saving":562352,"savingPercent":41.77850155122612},"byteSizes":{"saving":35147,"savingPercent":41.77850155122612}},"round_8_finalized":{"gasCosts":{"saving":612192,"savingPercent":40.74022807372467},"byteSizes":{"saving":38262,"savingPercent":40.74022807372467}},"round_9_finalized":{"gasCosts":{"saving":788176,"savingPercent":32.06574450772986},"byteSizes":{"saving":49261,"savingPercent":32.06574450772986}},"round_10_finalized":{"gasCosts":{"saving":1128544,"savingPercent":24.95939418602594},"byteSizes":{"saving":70534,"savingPercent":24.95939418602594}},"round_11_finalized":{"gasCosts":{"saving":1720768,"savingPercent":29.381809439508682},"byteSizes":{"saving":107548,"savingPercent":29.381809439508682}},"round_12_finalized":{"gasCosts":{"saving":1927952,"savingPercent":31.077153210311163},"byteSizes":{"saving":120497,"savingPercent":31.077153210311163}},"round_13_finalized":{"gasCosts":{"saving":2925408,"savingPercent":26.09108863418421},"byteSizes":{"saving":182838,"savingPercent":26.09108863418421}}}},"compressedMasks_compressed":{"global":{"gasCosts":{"saving":-7184880,"savingPercent":-36.42425736872245},"byteSizes":{"saving":-449055,"savingPercent":-36.42425736872245}},"dists":{"round_1_finalized":{"gasCosts":{"saving":0,"savingPercent":0},"byteSizes":{"saving":0,"savingPercent":0}},"round_2_finalized":{"gasCosts":{"saving":-89024,"savingPercent":-30.728447561716465},"byteSizes":{"saving":-5564,"savingPercent":-30.728447561716465}},"round_3_finalized":{"gasCosts":{"saving":-124400,"savingPercent":-36.47665962936899},"byteSizes":{"saving":-7775,"savingPercent":-36.47665962936899}},"round_4_finalized":{"gasCosts":{"saving":-156368,"savingPercent":-45.23908716381984},"byteSizes":{"saving":-9773,"savingPercent":-45.23908716381984}},"round_5_finalized":{"gasCosts":{"saving":-163600,"savingPercent":-32.55021806258556},"byteSizes":{"saving":-10225,"savingPercent":-32.55021806258556}},"round_6_finalized":{"gasCosts":{"saving":-203616,"savingPercent":-38.584682554120434},"byteSizes":{"saving":-12726,"savingPercent":-38.584682554120434}},"round_7_finalized":{"gasCosts":{"saving":-273392,"savingPercent":-53.576019816260626},"byteSizes":{"saving":-17087,"savingPercent":-53.576019816260626}},"round_8_finalized":{"gasCosts":{"saving":-321424,"savingPercent":-56.4837204071304},"byteSizes":{"saving":-20089,"savingPercent":-56.4837204071304}},"round_9_finalized":{"gasCosts":{"saving":-474080,"savingPercent":-39.64728236144192},"byteSizes":{"saving":-29630,"savingPercent":-39.64728236144192}},"round_10_finalized":{"gasCosts":{"saving":-646624,"savingPercent":-23.54483329158098},"byteSizes":{"saving":-40414,"savingPercent":-23.54483329158098}},"round_11_finalized":{"gasCosts":{"saving":-1174032,"savingPercent":-39.63945956750274},"byteSizes":{"saving":-73377,"savingPercent":-39.63945956750274}},"round_12_finalized":{"gasCosts":{"saving":-1420144,"savingPercent":-49.73078065206551},"byteSizes":{"saving":-88759,"savingPercent":-49.73078065206551}},"round_13_finalized":{"gasCosts":{"saving":-2138176,"savingPercent":-34.77441750326573},"byteSizes":{"saving":-133636,"savingPercent":-34.77441750326573}}}}}