{
  "compressed_naive": {
    "global": {
      "gasCosts": {
        "saving": 23301488,
        "savingPercent": 58.216857086093086
      },
      "byteSizes": {
        "saving": 1456343,
        "savingPercent": 58.216857086093086
      }
    },
    "dists": {
      "round_1_finalized": {
        "gasCosts": {
          "saving": 126976,
          "savingPercent": 4.712784973247106
        },
        "byteSizes": {
          "saving": 7936,
          "savingPercent": 4.712784973247106
        }
      },
      "round_2_finalized": {
        "gasCosts": {
          "saving": 1523712,
          "savingPercent": 41.9970100414978
        },
        "byteSizes": {
          "saving": 95232,
          "savingPercent": 41.9970100414978
        }
      },
      "round_3_finalized": {
        "gasCosts": {
          "saving": 1823824,
          "savingPercent": 53.80875279100835
        },
        "byteSizes": {
          "saving": 113989,
          "savingPercent": 53.80875279100835
        }
      },
      "round_4_finalized": {
        "gasCosts": {
          "saving": 2252432,
          "savingPercent": 56.46234493380232
        },
        "byteSizes": {
          "saving": 140777,
          "savingPercent": 56.46234493380232
        }
      },
      "round_5_finalized": {
        "gasCosts": {
          "saving": 2165248,
          "savingPercent": 62.362271489334255
        },
        "byteSizes": {
          "saving": 135328,
          "savingPercent": 62.362271489334255
        }
      },
      "round_6_finalized": {
        "gasCosts": {
          "saving": 1871248,
          "savingPercent": 62.889452910747124
        },
        "byteSizes": {
          "saving": 116953,
          "savingPercent": 62.889452910747124
        }
      },
      "round_7_finalized": {
        "gasCosts": {
          "saving": 1904080,
          "savingPercent": 67.37911901256936
        },
        "byteSizes": {
          "saving": 119005,
          "savingPercent": 67.37911901256936
        }
      },
      "round_8_finalized": {
        "gasCosts": {
          "saving": 2342096,
          "savingPercent": 67.23391160165167
        },
        "byteSizes": {
          "saving": 146381,
          "savingPercent": 67.23391160165167
        }
      },
      "round_9_finalized": {
        "gasCosts": {
          "saving": 1796976,
          "savingPercent": 68.52159164399106
        },
        "byteSizes": {
          "saving": 112311,
          "savingPercent": 68.52159164399106
        }
      },
      "round_10_finalized": {
        "gasCosts": {
          "saving": 1737888,
          "savingPercent": 68.05980249636573
        },
        "byteSizes": {
          "saving": 108618,
          "savingPercent": 68.05980249636573
        }
      },
      "round_11_finalized": {
        "gasCosts": {
          "saving": 1929232,
          "savingPercent": 68.13838233715155
        },
        "byteSizes": {
          "saving": 120577,
          "savingPercent": 68.13838233715155
        }
      },
      "round_12_finalized": {
        "gasCosts": {
          "saving": 2114576,
          "savingPercent": 68.1284409344908
        },
        "byteSizes": {
          "saving": 132161,
          "savingPercent": 68.1284409344908
        }
      },
      "round_13_finalized": {
        "gasCosts": {
          "saving": 1713200,
          "savingPercent": 69.75206503895562
        },
        "byteSizes": {
          "saving": 107075,
          "savingPercent": 69.75206503895562
        }
      }
    }
  }
}