{"compressed_naive":{"global":{"gasCosts":{"saving":19169664,"savingPercent":50.8937708118551},"byteSizes":{"saving":1198104,"savingPercent":50.8937708118551}},"dists":{"round_1_finalized":{"gasCosts":{"saving":28864,"savingPercent":3.8168584969532833},"byteSizes":{"saving":1804,"savingPercent":3.8168584969532833}},"round_2_finalized":{"gasCosts":{"saving":328544,"savingPercent":55.025859527829134},"byteSizes":{"saving":20534,"savingPercent":55.025859527829134}},"round_3_finalized":{"gasCosts":{"saving":418960,"savingPercent":57.146286637131446},"byteSizes":{"saving":26185,"savingPercent":57.146286637131446}},"round_4_finalized":{"gasCosts":{"saving":482416,"savingPercent":60.471319695146406},"byteSizes":{"saving":30151,"savingPercent":60.471319695146406}},"round_5_finalized":{"gasCosts":{"saving":519344,"savingPercent":52.51670522756322},"byteSizes":{"saving":32459,"savingPercent":52.51670522756322}},"round_6_finalized":{"gasCosts":{"saving":698256,"savingPercent":59.15258142781625},"byteSizes":{"saving":43641,"savingPercent":59.15258142781625}},"round_7_finalized":{"gasCosts":{"saving":878256,"savingPercent":66.0772110604182},"byteSizes":{"saving":54891,"savingPercent":66.0772110604182}},"round_8_finalized":{"gasCosts":{"saving":977904,"savingPercent":65.98257565125392},"byteSizes":{"saving":61119,"savingPercent":65.98257565125392}},"round_9_finalized":{"gasCosts":{"saving":1307488,"savingPercent":54.16523053265105},"byteSizes":{"saving":81718,"savingPercent":54.16523053265105}},"round_10_finalized":{"gasCosts":{"saving":1825632,"savingPercent":41.02794597782157},"byteSizes":{"saving":114102,"savingPercent":41.02794597782157}},"round_11_finalized":{"gasCosts":{"saving":2991168,"savingPercent":51.90851564213701},"byteSizes":{"saving":186948,"savingPercent":51.90851564213701}},"round_12_finalized":{"gasCosts":{"saving":3478976,"savingPercent":56.88780515882256},"byteSizes":{"saving":217436,"savingPercent":56.88780515882256}},"round_13_finalized":{"gasCosts":{"saving":5233856,"savingPercent":47.32327696578742},"byteSizes":{"saving":327116,"savingPercent":47.32327696578742}}}}}