{
  "compressed_naive": {
    "global": {
      "gasCosts": {
        "saving": 24301760,
        "savingPercent": 61.40673603828187
      },
      "byteSizes": {
        "saving": 1518860,
        "savingPercent": 61.40673603828187
      }
    },
    "dists": {
      "round_1_finalized": {
        "gasCosts": {
          "saving": 105536,
          "savingPercent": 3.972871718887403
        },
        "byteSizes": {
          "saving": 6596,
          "savingPercent": 3.972871718887403
        }
      },
      "round_2_finalized": {
        "gasCosts": {
          "saving": 1573392,
          "savingPercent": 43.95892750176574
        },
        "byteSizes": {
          "saving": 98337,
          "savingPercent": 43.95892750176574
        }
      },
      "round_3_finalized": {
        "gasCosts": {
          "saving": 1899424,
          "savingPercent": 56.7065364847049
        },
        "byteSizes": {
          "saving": 118714,
          "savingPercent": 56.7065364847049
        }
      },
      "round_4_finalized": {
        "gasCosts": {
          "saving": 2344864,
          "savingPercent": 59.50561542271993
        },
        "byteSizes": {
          "saving": 146554,
          "savingPercent": 59.50561542271993
        }
      },
      "round_5_finalized": {
        "gasCosts": {
          "saving": 2259664,
          "savingPercent": 65.84102564102564
        },
        "byteSizes": {
          "saving": 141229,
          "savingPercent": 65.84102564102564
        }
      },
      "round_6_finalized": {
        "gasCosts": {
          "saving": 1955248,
          "savingPercent": 66.41611774169004
        },
        "byteSizes": {
          "saving": 122203,
          "savingPercent": 66.41611774169004
        }
      },
      "round_7_finalized": {
        "gasCosts": {
          "saving": 1991744,
          "savingPercent": 71.2224370930645
        },
        "byteSizes": {
          "saving": 124484,
          "savingPercent": 71.2224370930645
        }
      },
      "round_8_finalized": {
        "gasCosts": {
          "saving": 2446784,
          "savingPercent": 71.01645800052012
        },
        "byteSizes": {
          "saving": 152924,
          "savingPercent": 71.01645800052012
        }
      },
      "round_9_finalized": {
        "gasCosts": {
          "saving": 1880368,
          "savingPercent": 72.41989154547696
        },
        "byteSizes": {
          "saving": 117523,
          "savingPercent": 72.41989154547696
        }
      },
      "round_10_finalized": {
        "gasCosts": {
          "saving": 1819216,
          "savingPercent": 71.9626582278481
        },
        "byteSizes": {
          "saving": 113701,
          "savingPercent": 71.9626582278481
        }
      },
      "round_11_finalized": {
        "gasCosts": {
          "saving": 2018720,
          "savingPercent": 72.03909992520312
        },
        "byteSizes": {
          "saving": 126170,
          "savingPercent": 72.03909992520312
        }
      },
      "round_12_finalized": {
        "gasCosts": {
          "saving": 2212752,
          "savingPercent": 72.02631126665938
        },
        "byteSizes": {
          "saving": 138297,
          "savingPercent": 72.02631126665938
        }
      },
      "round_13_finalized": {
        "gasCosts": {
          "saving": 1794048,
          "savingPercent": 73.75095372148701
        },
        "byteSizes": {
          "saving": 112128,
          "savingPercent": 73.75095372148701
        }
      }
    }
  }
}