{
  "compressed_naive": {
    "global": {
      "gasCosts": {
        "saving": 24301344,
        "savingPercent": 61.406330354457154
      },
      "byteSizes": {
        "saving": 1518834,
        "savingPercent": 61.406330354457154
      }
    },
    "dists": {
      "round_1_finalized": {
        "gasCosts": {
          "saving": 105504,
          "savingPercent": 3.9717149327808032
        },
        "byteSizes": {
          "saving": 6594,
          "savingPercent": 3.9717149327808032
        }
      },
      "round_2_finalized": {
        "gasCosts": {
          "saving": 1573360,
          "savingPercent": 43.9584264640143
        },
        "byteSizes": {
          "saving": 98335,
          "savingPercent": 43.9584264640143
        }
      },
      "round_3_finalized": {
        "gasCosts": {
          "saving": 1899392,
          "savingPercent": 56.706122877915035
        },
        "byteSizes": {
          "saving": 118712,
          "savingPercent": 56.706122877915035
        }
      },
      "round_4_finalized": {
        "gasCosts": {
          "saving": 2344832,
          "savingPercent": 59.50528657972097
        },
        "byteSizes": {
          "saving": 146552,
          "savingPercent": 59.50528657972097
        }
      },
      "round_5_finalized": {
        "gasCosts": {
          "saving": 2259632,
          "savingPercent": 65.8407071394605
        },
        "byteSizes": {
          "saving": 141227,
          "savingPercent": 65.8407071394605
        }
      },
      "round_6_finalized": {
        "gasCosts": {
          "saving": 1955216,
          "savingPercent": 66.41575268758764
        },
        "byteSizes": {
          "saving": 122201,
          "savingPercent": 66.41575268758764
        }
      },
      "round_7_finalized": {
        "gasCosts": {
          "saving": 1991712,
          "savingPercent": 71.22210779265362
        },
        "byteSizes": {
          "saving": 124482,
          "savingPercent": 71.22210779265362
        }
      },
      "round_8_finalized": {
        "gasCosts": {
          "saving": 2446752,
          "savingPercent": 71.01618880436902
        },
        "byteSizes": {
          "saving": 152922,
          "savingPercent": 71.01618880436902
        }
      },
      "round_9_finalized": {
        "gasCosts": {
          "saving": 1880336,
          "savingPercent": 72.41955163361638
        },
        "byteSizes": {
          "saving": 117521,
          "savingPercent": 72.41955163361638
        }
      },
      "round_10_finalized": {
        "gasCosts": {
          "saving": 1819184,
          "savingPercent": 71.96230332029519
        },
        "byteSizes": {
          "saving": 113699,
          "savingPercent": 71.96230332029519
        }
      },
      "round_11_finalized": {
        "gasCosts": {
          "saving": 2018688,
          "savingPercent": 72.03878062567446
        },
        "byteSizes": {
          "saving": 126168,
          "savingPercent": 72.03878062567446
        }
      },
      "round_12_finalized": {
        "gasCosts": {
          "saving": 2212720,
          "savingPercent": 72.0260198846917
        },
        "byteSizes": {
          "saving": 138295,
          "savingPercent": 72.0260198846917
        }
      },
      "round_13_finalized": {
        "gasCosts": {
          "saving": 1794016,
          "savingPercent": 73.75060841653841
        },
        "byteSizes": {
          "saving": 112126,
          "savingPercent": 73.75060841653841
        }
      }
    }
  }
}