{"compressed_naive":{"global":{"gasCosts":{"saving":18511520,"savingPercent":48.47293719680062},"byteSizes":{"saving":1156970,"savingPercent":48.47293719680062}},"dists":{"round_1_finalized":{"gasCosts":{"saving":31392,"savingPercent":4.122195142448945},"byteSizes":{"saving":1962,"savingPercent":4.122195142448945}},"round_2_finalized":{"gasCosts":{"saving":313984,"savingPercent":52.25124477460926},"byteSizes":{"saving":19624,"savingPercent":52.25124477460926}},"round_3_finalized":{"gasCosts":{"saving":399808,"savingPercent":54.16043522552398},"byteSizes":{"saving":24988,"savingPercent":54.16043522552398}},"round_4_finalized":{"gasCosts":{"saving":460672,"savingPercent":57.328315711924816},"byteSizes":{"saving":28792,"savingPercent":57.328315711924816}},"round_5_finalized":{"gasCosts":{"saving":495968,"savingPercent":49.81919287700294},"byteSizes":{"saving":30998,"savingPercent":49.81919287700294}},"round_6_finalized":{"gasCosts":{"saving":664176,"savingPercent":55.874712287833304},"byteSizes":{"saving":41511,"savingPercent":55.874712287833304}},"round_7_finalized":{"gasCosts":{"saving":839312,"savingPercent":62.35379421833397},"byteSizes":{"saving":52457,"savingPercent":62.35379421833397}},"round_8_finalized":{"gasCosts":{"saving":937328,"savingPercent":62.37675418982517},"byteSizes":{"saving":58583,"savingPercent":62.37675418982517}},"round_9_finalized":{"gasCosts":{"saving":1266864,"savingPercent":51.54010388866468},"byteSizes":{"saving":79179,"savingPercent":51.54010388866468}},"round_10_finalized":{"gasCosts":{"saving":1780304,"savingPercent":39.373876487989925},"byteSizes":{"saving":111269,"savingPercent":39.373876487989925}},"round_11_finalized":{"gasCosts":{"saving":2899776,"savingPercent":49.513027371549875},"byteSizes":{"saving":181236,"savingPercent":49.513027371549875}},"round_12_finalized":{"gasCosts":{"saving":3352944,"savingPercent":54.04682567520168},"byteSizes":{"saving":209559,"savingPercent":54.04682567520168}},"round_13_finalized":{"gasCosts":{"saving":5068992,"savingPercent":45.20919161663829},"byteSizes":{"saving":316812,"savingPercent":45.20919161663829}}}}}