{
  "dists": {
    "round_2_finalized": {
      "numAirdrops": 1774,
      "new": 720,
      "repeating": 1054,
      "uniqueRepeating": 110,
      "groupedRepeating": 944,
      "uniquePercent": 10.436432637571158,
      "groupedPercent": 89.56356736242884
    },
    "round_3_finalized": {
      "numAirdrops": 2176,
      "new": 824,
      "repeating": 1352,
      "uniqueRepeating": 143,
      "groupedRepeating": 1209,
      "uniquePercent": 10.576923076923077,
      "groupedPercent": 89.42307692307693
    },
    "round_4_finalized": {
      "numAirdrops": 2368,
      "new": 803,
      "repeating": 1565,
      "uniqueRepeating": 142,
      "groupedRepeating": 1423,
      "uniquePercent": 9.073482428115016,
      "groupedPercent": 90.92651757188499
    },
    "round_5_finalized": {
      "numAirdrops": 2936,
      "new": 1271,
  "repeating": 1665,
      "uniqueRepeating": 164,
      "groupedRepeating": 1501,
      "uniquePercent": 9.84984984984985,
      "groupedPercent": 90.15015015015015
    },
    "round_6_finalized": {
      "numAirdrops": 3504,
      "new": 1254,
      "repeating": 2250,
      "uniqueRepeating": 200,
      "groupedRepeating": 2050,
      "uniquePercent": 8.88888888888889,
      "groupedPercent": 91.11111111111111
    },
    "round_7_finalized": {
      "numAirdrops": 3935,
      "new": 1073,
      "repeating": 2862,
      "uniqueRepeating": 313,
      "groupedRepeating": 2549,
      "uniquePercent": 10.936408106219426,
      "groupedPercent": 89.06359189378057
    },
    "round_8_finalized": {
      "numAirdrops": 4387,
      "new": 1198,
      "repeating": 3189,
      "uniqueRepeating": 324,
      "groupedRepeating": 2865,
      "uniquePercent": 10.159924741298212,
      "groupedPercent": 89.84007525870179
    },
    "round_9_finalized": {
      "numAirdrops": 7123,
      "new": 2908,
      "repeating": 4215,
      "uniqueRepeating": 489,
      "groupedRepeating": 3726,
      "uniquePercent": 11.601423487544483,
      "groupedPercent": 88.39857651245552
    },
    "round_10_finalized": {
      "numAirdrops": 13147,
      "new": 7453,
      "repeating": 5694,
      "uniqueRepeating": 592,
      "groupedRepeating": 5102,
      "uniquePercent": 10.396909027046012,
      "groupedPercent": 89.60309097295399
    },
    "round_11_finalized": {
      "numAirdrops": 17018,
      "new": 7512,
      "repeating": 9506,
      "uniqueRepeating": 717,
      "groupedRepeating": 8789,
      "uniquePercent": 7.542604670734273,
      "groupedPercent": 92.45739532926572
    },
    "round_12_finalized": {
      "numAirdrops": 18085,
      "new": 6966,
      "repeating": 11119,
      "uniqueRepeating": 682,
      "groupedRepeating": 10437,
      "uniquePercent": 6.133645111970501,
      "groupedPercent": 93.8663548880295
    },
    "round_13_finalized": {
      "numAirdrops": 32706,
      "new": 16328,
      "repeating": 16378,
      "uniqueRepeating": 856,
      "groupedRepeating": 15522,
      "uniquePercent": 5.226523385028696,
      "groupedPercent": 94.77347661497132
    }
  }
}