{
  "compressed_naive": {
    "global": {
      "gasCosts": {
        "saving": 19117072,
        "savingPercent": 50.754704237413776
      },
      "byteSizes": {
        "saving": 1194817,
        "savingPercent": 50.754704237413776
      }
    },
    "dists": {
      "round_1_finalized": {
        "gasCosts": {
          "saving": 28880,
          "savingPercent": 3.819135880834497
        },
        "byteSizes": {
          "saving": 1805,
          "savingPercent": 3.819135880834497
        }
      },
      "round_2_finalized": {
        "gasCosts": {
          "saving": 327504,
          "savingPercent": 54.854616106123544
        },
        "byteSizes": {
          "saving": 20469,
          "savingPercent": 54.854616106123544
        }
      },
      "round_3_finalized": {
        "gasCosts": {
          "saving": 417920,
          "savingPercent": 57.006918527248516
        },
        "byteSizes": {
          "saving": 26120,
          "savingPercent": 57.006918527248516
        }
      },
      "round_4_finalized": {
        "gasCosts": {
          "saving": 481680,
          "savingPercent": 60.381483412892614
        },
        "byteSizes": {
          "saving": 30105,
          "savingPercent": 60.381483412892614
        }
      },
      "round_5_finalized": {
        "gasCosts": {
          "saving": 518480,
          "savingPercent": 52.43103308793787
        },
        "byteSizes": {
          "saving": 32405,
          "savingPercent": 52.43103308793787
        }
      },
      "round_6_finalized": {
        "gasCosts": {
          "saving": 695280,
          "savingPercent": 58.90206709589969
        },
        "byteSizes": {
          "saving": 43455,
          "savingPercent": 58.90206709589969
        }
      },
      "round_7_finalized": {
        "gasCosts": {
          "saving": 874960,
          "savingPercent": 65.8308153462784
        },
        "byteSizes": {
          "saving": 54685,
          "savingPercent": 65.8308153462784
        }
      },
      "round_8_finalized": {
        "gasCosts": {
          "saving": 975264,
          "savingPercent": 65.80586653999374
        },
        "byteSizes": {
          "saving": 60954,
          "savingPercent": 65.80586653999374
        }
      },
      "round_9_finalized": {
        "gasCosts": {
          "saving": 1306288,
          "savingPercent": 54.116235599803794
        },
        "byteSizes": {
          "saving": 81643,
          "savingPercent": 54.116235599803794
        }
      },
      "round_10_finalized": {
        "gasCosts": {
          "saving": 1822976,
          "savingPercent": 40.968551559477326
        },
        "byteSizes": {
          "saving": 113936,
          "savingPercent": 40.968551559477326
        }
      },
      "round_11_finalized": {
        "gasCosts": {
          "saving": 2984816,
          "savingPercent": 51.79857113900713
        },
        "byteSizes": {
          "saving": 186551,
          "savingPercent": 51.79857113900713
        }
      },
      "round_12_finalized": {
        "gasCosts": {
          "saving": 3467104,
          "savingPercent": 56.69397227229558
        },
        "byteSizes": {
          "saving": 216694,
          "savingPercent": 56.69397227229558
        }
      },
      "round_13_finalized": {
        "gasCosts": {
          "saving": 5215920,
          "savingPercent": 47.16124038857986
        },
        "byteSizes": {
          "saving": 325995,
          "savingPercent": 47.16124038857986
        }
      }
    }
  },
  "compressedMasks_naive": {
    "global": {
      "gasCosts": {
        "saving": 11463696,
        "savingPercent": 30.435440110683444
      },
      "byteSizes": {
        "saving": 716481,
        "savingPercent": 30.435440110683444
      }
    },
    "dists": {
      "round_1_finalized": {
        "gasCosts": {
          "saving": 28880,
          "savingPercent": 3.819135880834497
        },
        "byteSizes": {
          "saving": 1805,
          "savingPercent": 3.819135880834497
        }
      },
      "round_2_finalized": {
        "gasCosts": {
          "saving": 223088,
          "savingPercent": 37.36567064183304
        },
        "byteSizes": {
          "saving": 13943,
          "savingPercent": 37.36567064183304
        }
      },
      "round_3_finalized": {
        "gasCosts": {
          "saving": 273920,
          "savingPercent": 37.364412143433945
        },
        "byteSizes": {
          "saving": 17120,
          "savingPercent": 37.364412143433945
        }
      },
      "round_4_finalized": {
        "gasCosts": {
          "saving": 302080,
          "savingPercent": 37.86754382446147
        },
        "byteSizes": {
          "saving": 18880,
          "savingPercent": 37.86754382446147
        }
      },
      "round_5_finalized": {
        "gasCosts": {
          "saving": 330464,
          "savingPercent": 33.41800825175957
        },
        "byteSizes": {
          "saving": 20654,
          "savingPercent": 33.41800825175957
        }
      },
      "round_6_finalized": {
        "gasCosts": {
          "saving": 458544,
          "savingPercent": 38.846492714334126
        },
        "byteSizes": {
          "saving": 28659,
          "savingPercent": 38.846492714334126
        }
      },
      "round_7_finalized": {
        "gasCosts": {
          "saving": 560576,
          "savingPercent": 42.17698539768144
        },
        "byteSizes": {
          "saving": 35036,
          "savingPercent": 42.17698539768144
        }
      },
      "round_8_finalized": {
        "gasCosts": {
          "saving": 607648,
          "savingPercent": 41.0010040269036
        },
        "byteSizes": {
          "saving": 37978,
          "savingPercent": 41.0010040269036
        }
      },
      "round_9_finalized": {
        "gasCosts": {
          "saving": 772272,
          "savingPercent": 31.993292060504025
        },
        "byteSizes": {
          "saving": 48267,
          "savingPercent": 31.993292060504025
        }
      },
      "round_10_finalized": {
        "gasCosts": {
          "saving": 1094368,
          "savingPercent": 24.594219470273924
        },
        "byteSizes": {
          "saving": 68398,
          "savingPercent": 24.594219470273924
        }
      },
      "round_11_finalized": {
        "gasCosts": {
          "saving": 1757744,
          "savingPercent": 30.50393311619977
        },
        "byteSizes": {
          "saving": 109859,
          "savingPercent": 30.50393311619977
        }
      },
      "round_12_finalized": {
        "gasCosts": {
          "saving": 2023248,
          "savingPercent": 33.084085741869146
        },
        "byteSizes": {
          "saving": 126453,
          "savingPercent": 33.084085741869146
        }
      },
      "round_13_finalized": {
        "gasCosts": {
          "saving": 3030864,
          "savingPercent": 27.404428305858353
        },
        "byteSizes": {
          "saving": 189429,
          "savingPercent": 27.404428305858353
        }
      }
    }
  },
  "compressedMasks_compressed": {
    "global": {
      "gasCosts": {
        "saving": -7653376,
        "savingPercent": -41.26133026937316
      },
      "byteSizes": {
        "saving": -478336,
        "savingPercent": -41.26133026937316
      }
    },
    "dists": {
      "round_1_finalized": {
        "gasCosts": {
          "saving": 0,
          "savingPercent": 0
        },
        "byteSizes": {
          "saving": 0,
          "savingPercent": 0
        }
      },
      "round_2_finalized": {
        "gasCosts": {
          "saving": -104416,
          "savingPercent": -38.73916656773122
        },
        "byteSizes": {
          "saving": -6526,
          "savingPercent": -38.73916656773122
        }
      },
      "round_3_finalized": {
        "gasCosts": {
          "saving": -144000,
          "savingPercent": -45.687598355246465
        },
        "byteSizes": {
          "saving": -9000,