{"global":{"unique":50555,"repeating":60849,"percentRepeating":54.620121360094785,"total":111404},"dists":{"round_1_finalized":{"unique":2245,"repeating":0,"percentRepeating":0,"total":2245},"round_2_finalized":{"unique":720,"repeating":1054,"percentRepeating":59.41375422773394,"total":1774},"round_3_finalized":{"unique":824,"repeating":1352,"percentRepeating":62.13235294117647,"total":2176},"round_4_finalized":{"unique":803,"repeating":1565,"percentRepeating":66.08952702702703,"total":2368},"round_5_finalized":{"unique":1271,"repeating":1665,"percentRepeating":56.70980926430518,"total":2936},"round_6_finalized":{"unique":1254,"repeating":2250,"percentRepeating":64.21232876712328,"total":3504},"round_7_finalized":{"unique":1073,"repeating":2862,"percentRepeating":72.73189326556545,"total":3935},"round_8_finalized":{"unique":1198,"repeating":3189,"percentRepeating":72.69204467745612,"total":4387},"round_9_finalized":{"unique":2908,"repeating":4215,"percentRepeating":59.1745051242454,"total":7123},"round_10_finalized":{"unique":7453,"repeating":5694,"percentRepeating":43.31026089602191,"total":13147},"round_11_finalized":{"unique":7512,"repeating":9506,"percentRepeating":55.85850276178165,"total":17018},"round_12_finalized":{"unique":6966,"repeating":11119,"percentRepeating":61.48189106994747,"total":18085},"round_13_finalized":{"unique":16328,"repeating":16378,"percentRepeating":50.076438573961966,"total":32706}}}