{
  "compressed_naive": {
    "global": {
      "gasCosts": {
        "saving": 19094848,
        "savingPercent": 50.695700821672474
      },
      "byteSizes": {
        "saving": 1193428,
        "savingPercent": 50.695700821672474
      }
    },
    "dists": {
      "round_1_finalized": {
        "gasCosts": {
          "saving": 28832,
          "savingPercent": 3.8127882865727223
        },
        "byteSizes": {
          "saving": 1802,
          "savingPercent": 3.8127882865727223
        }
      },
      "round_2_finalized": {
        "gasCosts": {
          "saving": 326144,
          "savingPercent": 54.62682567332172
        },
        "byteSizes": {
          "saving": 20384,
          "savingPercent": 54.62682567332172
        }
      },
      "round_3_finalized": {
        "gasCosts": {
          "saving": 416592,
          "savingPercent": 56.825770968375565
        },
        "byteSizes": {
          "saving": 26037,
          "savingPercent": 56.825770968375565
        }
      },
      "round_4_finalized": {
        "gasCosts": {
          "saving": 480112,
          "savingPercent": 60.18492518753259
        },
        "byteSizes": {
          "saving": 30007,
          "savingPercent": 60.18492518753259
        }
      },
      "round_5_finalized": {
        "gasCosts": {
          "saving": 516992,
          "savingPercent": 52.28055982525686
        },
        "byteSizes": {
          "saving": 32312,
          "savingPercent": 52.28055982525686
        }
      },
      "round_6_finalized": {
        "gasCosts": {
          "saving": 693664,
          "savingPercent": 58.76516435106743
        },
        "byteSizes": {
          "saving": 43354,
          "savingPercent": 58.76516435106743
        }
      },
      "round_7_finalized": {
        "gasCosts": {
          "saving": 873248,
          "savingPercent": 65.70200676546004
        },
        "byteSizes": {
          "saving": 54578,
          "savingPercent": 65.70200676546004
        }
      },
      "round_8_finalized": {
        "gasCosts": {
          "saving": 973376,
          "savingPercent": 65.67847387910652
        },
        "byteSizes": {
          "saving": 60836,
          "savingPercent": 65.67847387910652
        }
      },
      "round_9_finalized": {
        "gasCosts": {
          "saving": 1304000,
          "savingPercent": 54.021449498230226
        },
        "byteSizes": {
          "saving": 81500,
          "savingPercent": 54.021449498230226
        }
      },
      "round_10_finalized": {
        "gasCosts": {
          "saving": 1820752,
          "savingPercent": 40.918570616959
        },
        "byteSizes": {
          "saving": 113797,
          "savingPercent": 40.918570616959
        }
      },
      "round_11_finalized": {
        "gasCosts": {
          "saving": 2982224,
          "savingPercent": 51.75358950650707
        },
        "byteSizes": {
          "saving": 186389,
          "savingPercent": 51.75358950650707
        }
      },
      "round_12_finalized": {
        "gasCosts": {
          "saving": 3465248,
          "savingPercent": 56.6636230204308
        },
        "byteSizes": {
          "saving": 216578,
          "savingPercent": 56.6636230204308
        }
      },
      "round_13_finalized": {
        "gasCosts": {
          "saving": 5213664,
          "savingPercent": 47.14084211592295
        },
        "byteSizes": {
          "saving": 325854,
          "savingPercent": 47.14084211592295
        }
      }
    }
  }
}