{"compressed_naive":{"global":{"gasCosts":{"saving":19095264,"savingPercent":50.69624535974482},"byteSizes":{"saving":1193454,"savingPercent":50.69624535974482}},"dists":{"round_1_finalized":{"gasCosts":{"saving":28864,"savingPercent":3.8168584969532833},"byteSizes":{"saving":1804,"savingPercent":3.8168584969532833}},"round_2_finalized":{"gasCosts":{"saving":326176,"savingPercent":54.629257442988454},"byteSizes":{"saving":20386,"savingPercent":54.629257442988454}},"round_3_finalized":{"gasCosts":{"saving":416624,"savingPercent":56.827655441827986},"byteSizes":{"saving":26039,"savingPercent":56.827655441827986}},"round_4_finalized":{"gasCosts":{"saving":480144,"savingPercent":60.18652226233454},"byteSizes":{"saving":30009,"savingPercent":60.18652226233454}},"round_5_finalized":{"gasCosts":{"saving":517024,"savingPercent":52.282103968806126},"byteSizes":{"saving":32314,"savingPercent":52.282103968806126}},"round_6_finalized":{"gasCosts":{"saving":693696,"savingPercent":58.76628217466148},"byteSizes":{"saving":43356,"savingPercent":58.76628217466148}},"round_7_finalized":{"gasCosts":{"saving":873280,"savingPercent":65.70283251676277},"byteSizes":{"saving":54580,"savingPercent":65.70283251676277}},"round_8_finalized":{"gasCosts":{"saving":973408,"savingPercent":65.67921493268847},"byteSizes":{"saving":60838,"savingPercent":65.67921493268847}},"round_9_finalized":{"gasCosts":{"saving":1304032,"savingPercent":54.02205901847973},"byteSizes":{"saving":81502,"savingPercent":54.02205901847973}},"round_10_finalized":{"gasCosts":{"saving":1820784,"savingPercent":40.918995498151794},"byteSizes":{"saving":113799,"savingPercent":40.918995498151794}},"round_11_finalized":{"gasCosts":{"saving":2982256,"savingPercent":51.753857431229854},"byteSizes":{"saving":186391,"savingPercent":51.753857431229854}},"round_12_finalized":{"gasCosts":{"saving":3465280,"savingPercent":56.663849782454555},"byteSizes":{"saving":216580,"savingPercent":56.663849782454555}},"round_13_finalized":{"gasCosts":{"saving":5213696,"savingPercent":47.140995056688226},"byteSizes":{"saving":325856,"savingPercent":47.140995056688226}}}}}