{
  "global": {
    "unique": 38143,
    "repeating": 78949,
    "percentRepeating": 67.4247600177638,
    "total": 117092
  },
  "dists": {
    "round_1_finalized": {
      "unique": 7844,
      "repeating": 0,
      "percentRepeating": 0,
      "total": 7844
    },
    "round_2_finalized": {
      "unique": 5600,
      "repeating": 4978,
      "percentRepeating": 47.05993571563623,
      "total": 10578
    },
    "round_3_finalized": {
      "unique": 3765,
      "repeating": 6141,
      "percentRepeating": 61.992731677771054,
      "total": 9906
    },
    "round_4_finalized": {
      "unique": 4055,
      "repeating": 7597,
      "percentRepeating": 65.19910744936492,
      "total": 11652
    },
    "round_5_finalized": {
      "unique": 2780,
      "repeating": 7374,
      "percentRepeating": 72.62162694504629,
      "total": 10154
    },
    "round_6_finalized": {
      "unique": 2325,
      "repeating": 6388,
      "percentRepeating": 73.31573510845863,
      "total": 8713
    },
    "round_7_finalized": {
      "unique": 1744,
      "repeating": 6533,
      "percentRepeating": 78.92956385163707,
      "total": 8277
    },
    "round_8_finalized": {
      "unique": 2183,
      "repeating": 8015,
      "percentRepeating": 78.59384192979016,
      "total": 10198
    },
    "round_9_finalized": {
      "unique": 1517,
      "repeating": 6172,
      "percentRepeating": 80.27051632201847,
      "total": 7689
    },
    "round_10_finalized": {
      "unique": 1513,
      "repeating": 5972,
      "percentRepeating": 79.78623914495658,
      "total": 7485
    },
    "round_11_finalized": {
      "unique": 1672,
      "repeating": 6624,
      "percentRepeating": 79.84570877531341,
      "total": 8296
    },
    "round_12_finalized": {
      "unique": 1836,
      "repeating": 7259,
      "percentRepeating": 79.81308411214954,
      "total": 9095
    },
    "round_13_finalized": {
      "unique": 1309,
      "repeating": 5896,
      "percentRepeating": 81.83206106870229,
      "total": 7205
    }
  }
}